<?xml version="1.0" encoding="UTF-8"?>
<referentiel>
 <name>Référentiel C2i2 "Métiers de l'Ingénieur"</name>
 <code_referentiel>C2i2mi</code_referentiel>
 <description_referentiel>
<text>Certificat Informatique et Internet de niveau 2 spécialité Métiers de l'Ingénieur</text>
</description_referentiel>
 <url_referentiel></url_referentiel>
 <seuil_certificat>0</seuil_certificat>
 <minima_certificat>0</minima_certificat>
 <timemodified>1341567131</timemodified>
 <nb_domaines>5</nb_domaines>
 <liste_codes_competence>MI1.1.1/MI1.3.1/MI1.2.1/MI2.1.1/MI2.2.1/MI2.3.1/MI3.1.1/MI3.2.1/MI3.3.1/MI4.1.1/MI4.2.1/MI4.3.1/MI4.4.1/MI4.5.1/MI5.1.1/MI5.2.1/MI5.3.1/MI5.4.1/MI5.5.1/</liste_codes_competence>
 <liste_empreintes_competence>1/1/1/1/1/1/1/1/1/1/1/1/1/1/1/1/1/1/1/</liste_empreintes_competence>
 <label_domaine_occurrence></label_domaine_occurrence>
 <label_competence_occurrence></label_competence_occurrence>
 <label_item_occurrence></label_item_occurrence>
 <protocole>
  <p_seuil_referentiel>0</p_seuil_referentiel>
  <p_minima_referentiel>0</p_minima_referentiel>
  <p_domaines_oblig>
<text>MI1:0/MI2:0/MI3:0/MI4:0/MI5:0/</text>
</p_domaines_oblig>
  <p_seuils_domaines>
<text>MI1:0.0/MI2:0.0/MI3:0.0/MI4:0.0/MI5:0.0/</text>
</p_seuils_domaines>
  <p_minimas_domaines>
<text>MI1:0/MI2:0/MI3:0/MI4:0/MI5:0/</text>
</p_minimas_domaines>
  <p_competences_oblig>
<text>MI1.1:0/MI1.2:0/MI1.3:0/MI2.1:0/MI2.2:0/MI2.3:0/MI3.1:0/MI3.2:0/MI3.3:0/MI4.1:0/MI4.2:0/MI4.3:0/MI4.4:0/MI4.5:0/MI5.1:0/MI5.2:0/MI5.3:0/MI5.4:0/MI5.5:0/</text>
</p_competences_oblig>
  <p_seuils_competences>
<text>MI1.1:0.0/MI1.2:0.0/MI1.3:0.0/MI2.1:0.0/MI2.2:0.0/MI2.3:0.0/MI3.1:0.0/MI3.2:0.0/MI3.3:0.0/MI4.1:0.0/MI4.2:0.0/MI4.3:0.0/MI4.4:0.0/MI4.5:0.0/MI5.1:0.0/MI5.2:0.0/MI5.3:0.0/MI5.4:0.0/MI5.5:0.0/</text>
</p_seuils_competences>
  <p_minimas_competences>
<text>MI1.1:0/MI1.2:0/MI1.3:0/MI2.1:0/MI2.2:0/MI2.3:0/MI3.1:0/MI3.2:0/MI3.3:0/MI4.1:0/MI4.2:0/MI4.3:0/MI4.4:0/MI4.5:0/MI5.1:0/MI5.2:0/MI5.3:0/MI5.4:0/MI5.5:0/</text>
</p_minimas_competences>
  <p_items_oblig>
<text>MI1.1.1:0/MI1.3.1:0/MI1.2.1:0/MI2.1.1:0/MI2.2.1:0/MI2.3.1:0/MI3.1.1:0/MI3.2.1:0/MI4.1.1:0/MI4.2.1:0/MI4.5.1:0/MI5.1.1:0/MI3.3.1:0/MI4.3.1:0/MI4.4.1:0/MI5.2.1:0/MI5.3.1:0/MI5.4.1:0/MI5.5.1:0/</text>
</p_items_oblig>
  <p_timemodified>1341567542</p_timemodified>
  <p_actif>0</p_actif>
  <p_commentaire>
<text></text>
</p_commentaire>

 </protocole>

 <domaine>
  <code_domaine>MI1</code_domaine>
  <description_domaine>
<text>Connaître et respecter les droits et obligations liés aux activités numériques en contexte professionnel</text>
</description_domaine>
  <type_domaine>0</type_domaine>
  <seuil_domaine>0.0</seuil_domaine>
  <minima_domaine>0</minima_domaine>
  <num_domaine>1</num_domaine>
  <nb_competences>3</nb_competences>

  <competence>
   <code_competence>MI1.1</code_competence>
   <description_competence>
<text>Respecter et intégrer la législation relative à la protection des libertés individuelles</text>
</description_competence>
   <type_competence>0</type_competence>
   <seuil_competence>0.0</seuil_competence>
   <minima_competence>0</minima_competence>
   <num_competence>1</num_competence>
   <nb_item_competences>1</nb_item_competences>

   <item>
    <code>MI1.1.1</code>
    <description_item>
<text>Respecter et intégrer la législation relative à la protection des libertés individuelles</text>
</description_item>
    <type_item>0</type_item>
    <poids_item>1</poids_item>
    <empreinte_item>1</empreinte_item>
    <num_item>1</num_item>
   </item>

  </competence>

  <competence>
   <code_competence>MI1.3</code_competence>
   <description_competence>
<text>Respecter et intégrer les aspects légaux liés à la protection et à l'accessibilité des données professionnelles</text>
</description_competence>
   <type_competence>0</type_competence>
   <seuil_competence>0.0</seuil_competence>
   <minima_competence>0</minima_competence>
   <num_competence>1</num_competence>
   <nb_item_competences>1</nb_item_competences>

   <item>
    <code>MI1.3.1</code>
    <description_item>
<text>Respecter et intégrer les aspects légaux liés à la protection et à l'accessibilité des données professionnelles</text>
</description_item>
    <type_item>0</type_item>
    <poids_item>1</poids_item>
    <empreinte_item>1</empreinte_item>
    <num_item>1</num_item>
   </item>

  </competence>

  <competence>
   <code_competence>MI1.2</code_competence>
   <description_competence>
<text>Respecter et intégrer la législation sur les oeuvres numériques liées au domaine professionnel</text>
</description_competence>
   <type_competence>0</type_competence>
   <seuil_competence>0.0</seuil_competence>
   <minima_competence>0</minima_competence>
   <num_competence>2</num_competence>
   <nb_item_competences>1</nb_item_competences>

   <item>
    <code>MI1.2.1</code>
    <description_item>
<text>Respecter et intégrer la législation sur les oeuvres numériques liées au domaine professionnel</text>
</description_item>
    <type_item>0</type_item>
    <poids_item>1</poids_item>
    <empreinte_item>1</empreinte_item>
    <num_item>1</num_item>
   </item>

  </competence>

 </domaine>

 <domaine>
  <code_domaine>MI2</code_domaine>
  <description_domaine>
<text>Maîtriser les stratégies de recherche, d'exploitation et de valorisation de l'information numérique</text>
</description_domaine>
  <type_domaine>0</type_domaine>
  <seuil_domaine>0.0</seuil_domaine>
  <minima_domaine>0</minima_domaine>
  <num_domaine>1</num_domaine>
  <nb_competences>3</nb_competences>

  <competence>
   <code_competence>MI2.1</code_competence>
   <description_competence>
<text>Élaborer et mettre en œuvre une stratégie de recherche d’informations en contexte professionnel</text>
</description_competence>
   <type_competence>0</type_competence>
   <seuil_competence>0.0</seuil_competence>
   <minima_competence>0</minima_competence>
   <num_competence>1</num_competence>
   <nb_item_competences>1</nb_item_competences>

   <item>
    <code>MI2.1.1</code>
    <description_item>
<text>Élaborer et mettre en œuvre une stratégie de recherche d’informations en contexte professionnel</text>
</description_item>
    <type_item>0</type_item>
    <poids_item>1</poids_item>
    <empreinte_item>1</empreinte_item>
    <num_item>1</num_item>
   </item>

  </competence>

  <competence>
   <code_competence>MI2.2</code_competence>
   <description_competence>
<text>Élaborer et mettre en œuvre une stratégie de veille informationnelle en contexte professionnel</text>
</description_competence>
   <type_competence>0</type_competence>
   <seuil_competence>0.0</seuil_competence>
   <minima_competence>0</minima_competence>
   <num_competence>2</num_competence>
   <nb_item_competences>1</nb_item_competences>

   <item>
    <code>MI2.2.1</code>
    <description_item>
<text>Élaborer et mettre en œuvre une stratégie de veille informationnelle en contexte professionnel</text>
</description_item>
    <type_item>0</type_item>
    <poids_item>1</poids_item>
    <empreinte_item>1</empreinte_item>
    <num_item>1</num_item>
   </item>

  </competence>

  <competence>
   <code_competence>MI2.3</code_competence>
   <description_competence>
<text>Élaborer une stratégie de développement et de valorisation des compétences professionnelles</text>
</description_competence>
   <type_competence>0</type_competence>
   <seuil_competence>0.0</seuil_competence>
   <minima_competence>0</minima_competence>
   <num_competence>3</num_competence>
   <nb_item_competences>1</nb_item_competences>

   <item>
    <code>MI2.3.1</code>
    <description_item>
<text>Élaborer une stratégie de développement et de valorisation des compétences professionnelles</text>
</description_item>
    <type_item>0</type_item>
    <poids_item>1</poids_item>
    <empreinte_item>1</empreinte_item>
    <num_item>1</num_item>
   </item>

  </competence>

 </domaine>

 <domaine>
  <code_domaine>MI3</code_domaine>
  <description_domaine>
<text>Organiser des collaborations professionnelles avec le numérique</text>
</description_domaine>
  <type_domaine>0</type_domaine>
  <seuil_domaine>0.0</seuil_domaine>
  <minima_domaine>0</minima_domaine>
  <num_domaine>1</num_domaine>
  <nb_competences>3</nb_competences>

  <competence>
   <code_competence>MI3.1</code_competence>
   <description_competence>
<text>Organiser un travail collaboratif en utilisant les technologies numériques</text>
</description_competence>
   <type_competence>0</type_competence>
   <seuil_competence>0.0</seuil_competence>
   <minima_competence>0</minima_competence>
   <num_competence>1</num_competence>
   <nb_item_competences>1</nb_item_competences>

   <item>
    <code>MI3.1.1</code>
    <description_item>
<text>Organiser un travail collaboratif en utilisant les technologies numériques</text>
</description_item>
    <type_item>0</type_item>
    <poids_item>1</poids_item>
    <empreinte_item>1</empreinte_item>
    <num_item>1</num_item>
   </item>

  </competence>

  <competence>
   <code_competence>MI3.2</code_competence>
   <description_competence>
<text>Coordonner et animer des activités collaboratives dans un environnement numérique</text>
</description_competence>
   <type_competence>0</type_competence>
   <seuil_competence>0.0</seuil_competence>
   <minima_competence>0</minima_competence>
   <num_competence>2</num_competence>
   <nb_item_competences>1</nb_item_competences>

   <item>
    <code>MI3.2.1</code>
    <description_item>
<text>Coordonner et animer des activités collaboratives dans un environnement numérique</text>
</description_item>
    <type_item>0</type_item>
    <poids_item>1</poids_item>
    <empreinte_item>1</empreinte_item>
    <num_item>1</num_item>
   </item>

  </competence>

  <competence>
   <code_competence>MI3.3</code_competence>
   <description_competence>
<text>Adapter, modifier et transmettre des données en respectant l’interopérabilité dans un contexte de travail collaboratif professionnel</text>
</description_competence>
   <type_competence>0</type_competence>
   <seuil_competence>0.0</seuil_competence>
   <minima_competence>0</minima_competence>
   <num_competence>3</num_competence>
   <nb_item_competences>1</nb_item_competences>

   <item>
    <code>MI3.3.1</code>
    <description_item>
<text>Adapter, modifier et transmettre des données en respectant l’interopérabilité dans un contexte de travail collaboratif professionnel</text>
</description_item>
    <type_item>0</type_item>
    <poids_item>1</poids_item>
    <empreinte_item>1</empreinte_item>
    <num_item>1</num_item>
   </item>

  </competence>

 </domaine>

 <domaine>
  <code_domaine>MI4</code_domaine>
  <description_domaine>
<text>Maîtriser la sécurité de l'information et des systèmes d'information</text>
</description_domaine>
  <type_domaine>0</type_domaine>
  <seuil_domaine>0.0</seuil_domaine>
  <minima_domaine>0</minima_domaine>
  <num_domaine>1</num_domaine>
  <nb_competences>5</nb_competences>

  <competence>
   <code_competence>MI4.1</code_competence>
   <description_competence>
<text>Maîtriser les processus d'une politique de sécurité pour participer à sa mise en place</text>
</description_competence>
   <type_competence>0</type_competence>
   <seuil_competence>0.0</seuil_competence>
   <minima_competence>0</minima_competence>
   <num_competence>1</num_competence>
   <nb_item_competences>1</nb_item_competences>

   <item>
    <code>MI4.1.1</code>
    <description_item>
<text>Maîtriser les processus d'une politique de sécurité pour participer à sa mise en place</text>
</description_item>
    <type_item>0</type_item>
    <poids_item>1</poids_item>
    <empreinte_item>1</empreinte_item>
    <num_item>1</num_item>
   </item>

  </competence>

  <competence>
   <code_competence>MI4.2</code_competence>
   <description_competence>
<text>Distinguer les acteurs de la mise en place de la politique de sécurité et identifier leurs responsabilités légales</text>
</description_competence>
   <type_competence>0</type_competence>
   <seuil_competence>0.0</seuil_competence>
   <minima_competence>0</minima_competence>
   <num_competence>2</num_competence>
   <nb_item_competences>1</nb_item_competences>

   <item>
    <code>MI4.2.1</code>
    <description_item>
<text>Distinguer les acteurs de la mise en place de la politique de sécurité et identifier leurs responsabilités légales</text>
</description_item>
    <type_item>0</type_item>
    <poids_item>1</poids_item>
    <empreinte_item>1</empreinte_item>
    <num_item>1</num_item>
   </item>

  </competence>

  <competence>
   <code_competence>MI4.3</code_competence>
   <description_competence>
<text>Identifier et hiérarchiser les informations afin de les exploiter de façon adéquate</text>
</description_competence>
   <type_competence>0</type_competence>
   <seuil_competence>0.0</seuil_competence>
   <minima_competence>0</minima_competence>
   <num_competence>3</num_competence>
   <nb_item_competences>1</nb_item_competences>

   <item>
    <code>MI4.3.1</code>
    <description_item>
<text>Identifier et hiérarchiser les informations afin de les exploiter de façon adéquate</text>
</description_item>
    <type_item>0</type_item>
    <poids_item>1</poids_item>
    <empreinte_item>1</empreinte_item>
    <num_item>1</num_item>
   </item>

  </competence>

  <competence>
   <code_competence>MI4.4</code_competence>
   <description_competence>
<text>Évaluer la sûreté des procédures et connaître la limite des outils permettant de traiter l’information, selon le lieu et le mode d'accès</text>
</description_competence>
   <type_competence>0</type_competence>
   <seuil_competence>0.0</seuil_competence>
   <minima_competence>0</minima_competence>
   <num_competence>4</num_competence>
   <nb_item_competences>1</nb_item_competences>

   <item>
    <code>MI4.4.1</code>
    <description_item>
<text>Évaluer la sûreté des procédures et connaître la limite des outils permettant de traiter l’information, selon le lieu et le mode d'accès</text>
</description_item>
    <type_item>0</type_item>
    <poids_item>1</poids_item>
    <empreinte_item>1</empreinte_item>
    <num_item>1</num_item>
   </item>

  </competence>

  <competence>
   <code_competence>MI4.5</code_competence>
   <description_competence>
<text>Estimer les risques accidentels et intentionnels afin que soient prises les dispositions nécessaires</text>
</description_competence>
   <type_competence>0</type_competence>
   <seuil_competence>0.0</seuil_competence>
   <minima_competence>0</minima_competence>
   <num_competence>5</num_competence>
   <nb_item_competences>1</nb_item_competences>

   <item>
    <code>MI4.5.1</code>
    <description_item>
<text>Estimer les risques accidentels et intentionnels afin que soient prises les dispositions nécessaires</text>
</description_item>
    <type_item>0</type_item>
    <poids_item>1</poids_item>
    <empreinte_item>1</empreinte_item>
    <num_item>1</num_item>
   </item>

  </competence>

 </domaine>

 <domaine>
  <code_domaine>MI5</code_domaine>
  <description_domaine>
<text>Piloter la maîtrise d’ouvrage des systèmes d’information</text>
</description_domaine>
  <type_domaine>0</type_domaine>
  <seuil_domaine>0.0</seuil_domaine>
  <minima_domaine>0</minima_domaine>
  <num_domaine>1</num_domaine>
  <nb_competences>5</nb_competences>

  <competence>
   <code_competence>MI5.1</code_competence>
   <description_competence>
<text>Comprendre les enjeux du système d’information du point de vue de la maîtrise d’ouvrage</text>
</description_competence>
   <type_competence>0</type_competence>
   <seuil_competence>0.0</seuil_competence>
   <minima_competence>0</minima_competence>
   <num_competence>1</num_competence>
   <nb_item_competences>1</nb_item_competences>

   <item>
    <code>MI5.1.1</code>
    <description_item>
<text>Comprendre les enjeux du système d’information du point de vue de la maîtrise d’ouvrage</text>
</description_item>
    <type_item>0</type_item>
    <poids_item>1</poids_item>
    <empreinte_item>1</empreinte_item>
    <num_item>1</num_item>
   </item>

  </competence>

  <competence>
   <code_competence>MI5.2</code_competence>
   <description_competence>
<text>Identifier les acteurs et les étapes d’un projet « système d’information » pour en assurer la conduite éclairée</text>
</description_competence>
   <type_competence>0</type_competence>
   <seuil_competence>0.0</seuil_competence>
   <minima_competence>0</minima_competence>
   <num_competence>2</num_competence>
   <nb_item_competences>1</nb_item_competences>

   <item>
    <code>MI5.2.1</code>
    <description_item>
<text>Identifier les acteurs et les étapes d’un projet « système d’information » pour en assurer la conduite éclairée</text>
</description_item>
    <type_item>0</type_item>
    <poids_item>1</poids_item>
    <empreinte_item>1</empreinte_item>
    <num_item>1</num_item>
   </item>

  </competence>

  <competence>
   <code_competence>MI5.3</code_competence>
   <description_competence>
<text>Exprimer son besoin dans toutes ses dimensions, et vérifier sa prise en compte par la maîtrise d’œuvre, tout au long du projet</text>
</description_competence>
   <type_competence>0</type_competence>
   <seuil_competence>0.0</seuil_competence>
   <minima_competence>0</minima_competence>
   <num_competence>3</num_competence>
   <nb_item_competences>1</nb_item_competences>

   <item>
    <code>MI5.3.1</code>
    <description_item>
<text>Exprimer son besoin dans toutes ses dimensions, et vérifier sa prise en compte par la maîtrise d’œuvre, tout au long du projet</text>
</description_item>
    <type_item>0</type_item>
    <poids_item>1</poids_item>
    <empreinte_item>1</empreinte_item>
    <num_item>1</num_item>
   </item>

  </competence>

  <competence>
   <code_competence>MI5.4</code_competence>
   <description_competence>
<text>Respecter les exigences de l’interopérabilité et de l’accessibilité du point de vue de la maîtrise d’ouvrage</text>
</description_competence>
   <type_competence>0</type_competence>
   <seuil_competence>0.0</seuil_competence>
   <minima_competence>0</minima_competence>
   <num_competence>4</num_competence>
   <nb_item_competences>1</nb_item_competences>

   <item>
    <code>MI5.4.1</code>
    <description_item>
<text>Respecter les exigences de l’interopérabilité et de l’accessibilité du point de vue de la maîtrise d’ouvrage</text>
</description_item>
    <type_item>0</type_item>
    <poids_item>1</poids_item>
    <empreinte_item>1</empreinte_item>
    <num_item>1</num_item>
   </item>

  </competence>

  <competence>
   <code_competence>MI5.5</code_competence>
   <description_competence>
<text>Interpréter un document de modélisation de données ou de processus métiers</text>
</description_competence>
   <type_competence>0</type_competence>
   <seuil_competence>0.0</seuil_competence>
   <minima_competence>0</minima_competence>
   <num_competence>5</num_competence>
   <nb_item_competences>1</nb_item_competences>

   <item>
    <code>MI5.5.1</code>
    <description_item>
<text>Interpréter un document de modélisation de données ou de processus métiers</text>
</description_item>
    <type_item>0</type_item>
    <poids_item>1</poids_item>
    <empreinte_item>1</empreinte_item>
    <num_item>1</num_item>
   </item>

  </competence>

 </domaine>


</referentiel>

