<?xml version="1.0" encoding="UTF-8"?>
<referentiel>
 <name>Référentiel C2i2 Métiers de l’Environnement et de l’Aménagement Durables</name>
 <code_referentiel>C2i2mead</code_referentiel>
 <description_referentiel>
<text>Certificat Informatique et Internet de niveau 2 spécialité Métiers de l’Environnement et de l’Aménagement Durables</text>
</description_referentiel>
 <url_referentiel></url_referentiel>
 <seuil_certificat>0</seuil_certificat>
 <minima_certificat>1</minima_certificat>
 <timemodified>1341478910</timemodified>
 <nb_domaines>5</nb_domaines>
 <liste_codes_competence>AD1.1.1/AD1.2.1/AD1.3.1/AD5.1.1/AD5.2.1/AD5.3.1/AD2.1.1/AD2.2.1/AD2.3.1/AD3.1.1/AD3.2.1/AD3.3.1/AD4.1.1/AD4.2.1/AD4.3.1/</liste_codes_competence>
 <liste_empreintes_competence>1/1/1/1/1/1/1/1/1/1/1/1/1/1/1/</liste_empreintes_competence>
 <protocole>
  <p_seuil_referentiel>0</p_seuil_referentiel>
  <p_minima_referentiel>1</p_minima_referentiel>
  <p_domaines_oblig>
<text>AD1:0/AD2:0/AD3:0/AD4:0/AD5:0/</text>
</p_domaines_oblig>
  <p_seuils_domaines>
<text>AD1:0.0/AD2:0.0/AD3:0.0/AD4:0.0/AD5:0.0/</text>
</p_seuils_domaines>
  <p_minimas_domaines>
<text>AD1:0/AD2:0/AD3:0/AD4:0/AD5:0/</text>
</p_minimas_domaines>
  <p_competences_oblig>
<text>AD1.1:0/AD1.2:0/AD1.3:0/AD2.1:0/AD2.2:0/AD2.3:0/AD3.1:0/AD3.2:0/AD3.3:0/AD4.1:0/AD4.2:0/AD4.3:0/AD5.1:0/AD5.2:0/AD5.3:0/</text>
</p_competences_oblig>
  <p_seuils_competences>
<text>AD1.1:0.0/AD1.2:0.0/AD1.3:0.0/AD2.1:0.0/AD2.2:0.0/AD2.3:0.0/AD3.1:0.0/AD3.2:0.0/AD3.3:0.0/AD4.1:0.0/AD4.2:0.0/AD4.3:0.0/AD5.1:0.0/AD5.2:0.0/AD5.3:0.0/</text>
</p_seuils_competences>
  <p_minimas_competences>
<text>AD1.1:0/AD1.2:0/AD1.3:0/AD2.1:0/AD2.2:0/AD2.3:0/AD3.1:0/AD3.2:0/AD3.3:0/AD4.1:0/AD4.2:0/AD4.3:0/AD5.1:0/AD5.2:0/AD5.3:0/</text>
</p_minimas_competences>
  <p_items_oblig>
<text>AD1.1.1:0/AD1.2.1:0/AD1.3.1:0/AD5.1.1:0/AD5.2.1:0/AD5.3.1:0/AD2.2.1:0/AD2.1.1:0/AD2.3.1:0/AD3.1.1:0/AD4.2.1:0/AD3.2.1:0/AD3.3.1:0/AD4.1.1:0/AD4.3.1:0/</text>
</p_items_oblig>
  <p_timemodified>1341495919</p_timemodified>
  <p_actif>0</p_actif>
  <p_commentaire>
<text>A compléter en fonction du protocole de certification</text>
</p_commentaire>

 </protocole>

 <domaine>
  <code_domaine>AD1</code_domaine>
  <description_domaine>
<text>Connaître et respecter les droits et obligations liés aux activités numériques en contexte professionnel</text>
</description_domaine>
  <type_domaine>0</type_domaine>
  <seuil_domaine>0.0</seuil_domaine>
  <minima_domaine>0</minima_domaine>
  <num_domaine>1</num_domaine>
  <nb_competences>3</nb_competences>

  <competence>
   <code_competence>AD1.1</code_competence>
   <description_competence>
<text>Respecter et intégrer la législation relative à la protection des libertés individuelles</text>
</description_competence>
   <type_competence>0</type_competence>
   <seuil_competence>0.0</seuil_competence>
   <minima_competence>0</minima_competence>
   <num_competence>1</num_competence>
   <nb_item_competences>1</nb_item_competences>

   <item>
    <code>AD1.1.1</code>
    <description_item>
<text>Respecter et intégrer la législation relative à la protection des libertés individuelles</text>
</description_item>
    <type_item>0</type_item>
    <poids_item>1</poids_item>
    <empreinte_item>1</empreinte_item>
    <num_item>1</num_item>
   </item>

  </competence>

  <competence>
   <code_competence>AD1.2</code_competence>
   <description_competence>
<text>Respecter et intégrer la législation sur les oeuvres numériques liées au domaine professionnel</text>
</description_competence>
   <type_competence>0</type_competence>
   <seuil_competence>0.0</seuil_competence>
   <minima_competence>0</minima_competence>
   <num_competence>2</num_competence>
   <nb_item_competences>1</nb_item_competences>

   <item>
    <code>AD1.2.1</code>
    <description_item>
<text>Respecter et intégrer la législation sur les oeuvres numériques liées au domaine professionnel</text>
</description_item>
    <type_item>0</type_item>
    <poids_item>1</poids_item>
    <empreinte_item>1</empreinte_item>
    <num_item>1</num_item>
   </item>

  </competence>

  <competence>
   <code_competence>AD1.3</code_competence>
   <description_competence>
<text>Respecter et intégrer les aspects légaux liés à la protection et à l\'accessibilité des données professionnelles</text>
</description_competence>
   <type_competence>0</type_competence>
   <seuil_competence>0.0</seuil_competence>
   <minima_competence>0</minima_competence>
   <num_competence>3</num_competence>
   <nb_item_competences>1</nb_item_competences>

   <item>
    <code>AD1.3.1</code>
    <description_item>
<text>Respecter et intégrer les aspects légaux liés à la protection et à l'accessibilité des données professionnelles</text>
</description_item>
    <type_item>0</type_item>
    <poids_item>1</poids_item>
    <empreinte_item>1</empreinte_item>
    <num_item>1</num_item>
   </item>

  </competence>

 </domaine>


 <domaine>
  <code_domaine>AD2</code_domaine>
  <description_domaine>
<text>Maîtriser les stratégies de recherche, d\'exploitation et de valorisation de l\'information numérique</text>
</description_domaine>
  <type_domaine>0</type_domaine>
  <seuil_domaine>0.0</seuil_domaine>
  <minima_domaine>0</minima_domaine>
  <num_domaine>2</num_domaine>
  <nb_competences>3</nb_competences>

  <competence>
   <code_competence>AD2.1</code_competence>
   <description_competence>
<text>Élaborer et mettre en œuvre une stratégie de recherche d’informations en contexte professionnel</text>
</description_competence>
   <type_competence>0</type_competence>
   <seuil_competence>0.0</seuil_competence>
   <minima_competence>0</minima_competence>
   <num_competence>1</num_competence>
   <nb_item_competences>1</nb_item_competences>

   <item>
    <code>AD2.1.1</code>
    <description_item>
<text>Élaborer et mettre en œuvre une stratégie de recherche d’informations en contexte professionnel</text>
</description_item>
    <type_item>0</type_item>
    <poids_item>1</poids_item>
    <empreinte_item>1</empreinte_item>
    <num_item>1</num_item>
   </item>

  </competence>

  <competence>
   <code_competence>AD2.2</code_competence>
   <description_competence>
<text>Élaborer et mettre en œuvre une stratégie de veille informationnelle en contexte professionnel</text>
</description_competence>
   <type_competence>0</type_competence>
   <seuil_competence>0.0</seuil_competence>
   <minima_competence>0</minima_competence>
   <num_competence>2</num_competence>
   <nb_item_competences>1</nb_item_competences>

   <item>
    <code>AD2.2.1</code>
    <description_item>
<text>Élaborer et mettre en œuvre une stratégie de veille informationnelle en contexte professionnel</text>
</description_item>
    <type_item>0</type_item>
    <poids_item>1</poids_item>
    <empreinte_item>1</empreinte_item>
    <num_item>1</num_item>
   </item>

  </competence>

  <competence>
   <code_competence>AD2.3</code_competence>
   <description_competence>
<text>Élaborer une stratégie de développement et de valorisation des compétences professionnelles</text>
</description_competence>
   <type_competence>0</type_competence>
   <seuil_competence>0.0</seuil_competence>
   <minima_competence>0</minima_competence>
   <num_competence>3</num_competence>
   <nb_item_competences>1</nb_item_competences>

   <item>
    <code>AD2.3.1</code>
    <description_item>
<text>Élaborer une stratégie de développement et de valorisation des compétences professionnelles</text>
</description_item>
    <type_item>0</type_item>
    <poids_item>1</poids_item>
    <empreinte_item>1</empreinte_item>
    <num_item>1</num_item>
   </item>

  </competence>

 </domaine>

 <domaine>
  <code_domaine>AD3</code_domaine>
  <description_domaine>
<text>Organiser des collaborations professionnelles avec le numérique</text>
</description_domaine>
  <type_domaine>0</type_domaine>
  <seuil_domaine>0.0</seuil_domaine>
  <minima_domaine>0</minima_domaine>
  <num_domaine>3</num_domaine>
  <nb_competences>3</nb_competences>

  <competence>
   <code_competence>AD3.1</code_competence>
   <description_competence>
<text>Organiser un travail collaboratif en utilisant les technologies numériques</text>
</description_competence>
   <type_competence>0</type_competence>
   <seuil_competence>0.0</seuil_competence>
   <minima_competence>0</minima_competence>
   <num_competence>1</num_competence>
   <nb_item_competences>1</nb_item_competences>

   <item>
    <code>AD3.1.1</code>
    <description_item>
<text>Organiser un travail collaboratif en utilisant les technologies numériques</text>
</description_item>
    <type_item>0</type_item>
    <poids_item>1</poids_item>
    <empreinte_item>1</empreinte_item>
    <num_item>1</num_item>
   </item>

  </competence>

  <competence>
   <code_competence>AD3.2</code_competence>
   <description_competence>
<text>Coordonner et animer des activités collaboratives dans un environnement numérique</text>
</description_competence>
   <type_competence>0</type_competence>
   <seuil_competence>0.0</seuil_competence>
   <minima_competence>0</minima_competence>
   <num_competence>2</num_competence>
   <nb_item_competences>1</nb_item_competences>

   <item>
    <code>AD3.2.1</code>
    <description_item>
<text>Coordonner et animer des activités collaboratives dans un environnement numérique</text>
</description_item>
    <type_item>0</type_item>
    <poids_item>1</poids_item>
    <empreinte_item>1</empreinte_item>
    <num_item>1</num_item>
   </item>

  </competence>

  <competence>
   <code_competence>AD3.3</code_competence>
   <description_competence>
<text>Adapter, modifier et transmettre des données en respectant l’interopérabilité dans un contexte de travail collaboratif professionnel</text>
</description_competence>
   <type_competence>0</type_competence>
   <seuil_competence>0.0</seuil_competence>
   <minima_competence>0</minima_competence>
   <num_competence>3</num_competence>
   <nb_item_competences>1</nb_item_competences>

   <item>
    <code>AD3.3.1</code>
    <description_item>
<text>Adapter, modifier et transmettre des données en respectant l’interopérabilité dans un contexte de travail collaboratif professionnel</text>
</description_item>
    <type_item>0</type_item>
    <poids_item>1</poids_item>
    <empreinte_item>1</empreinte_item>
    <num_item>1</num_item>
   </item>

  </competence>

 </domaine>

 <domaine>
  <code_domaine>AD4</code_domaine>
  <description_domaine>
<text>Maîtriser les systèmes de traitement de l’information du domaine de l’environnement et de l’aménagement</text>
</description_domaine>
  <type_domaine>0</type_domaine>
  <seuil_domaine>0.0</seuil_domaine>
  <minima_domaine>0</minima_domaine>
  <num_domaine>4</num_domaine>
  <nb_competences>3</nb_competences>

  <competence>
   <code_competence>AD4.1</code_competence>
   <description_competence>
<text>Reconnaître et identifier les bases de données et les outils de traitement de données spatialisées et thématiques</text>
</description_competence>
   <type_competence>0</type_competence>
   <seuil_competence>0.0</seuil_competence>
   <minima_competence>0</minima_competence>
   <num_competence>1</num_competence>
   <nb_item_competences>1</nb_item_competences>

   <item>
    <code>AD4.1.1</code>
    <description_item>
<text>Reconnaître et identifier les bases de données et les outils de traitement de données spatialisées et thématiques</text>
</description_item>
    <type_item>0</type_item>
    <poids_item>1</poids_item>
    <empreinte_item>1</empreinte_item>
    <num_item>1</num_item>
   </item>

  </competence>

  <competence>
   <code_competence>AD4.2</code_competence>
   <description_competence>
<text>Utiliser les outils de traitement appropriés pour passer des données à une connaissance ou à un diagnostic</text>
</description_competence>
   <type_competence>0</type_competence>
   <seuil_competence>0.0</seuil_competence>
   <minima_competence>0</minima_competence>
   <num_competence>2</num_competence>
   <nb_item_competences>1</nb_item_competences>

   <item>
    <code>AD4.2.1</code>
    <description_item>
<text>Utiliser les outils de traitement appropriés pour passer des données à une connaissance ou à un diagnostic</text>
</description_item>
    <type_item>0</type_item>
    <poids_item>1</poids_item>
    <empreinte_item>1</empreinte_item>
    <num_item>1</num_item>
   </item>

  </competence>

  <competence>
   <code_competence>AD4.3</code_competence>
   <description_competence>
<text>S’assurer de la validité technique et thématique des résultats</text>
</description_competence>
   <type_competence>0</type_competence>
   <seuil_competence>0.0</seuil_competence>
   <minima_competence>0</minima_competence>
   <num_competence>3</num_competence>
   <nb_item_competences>1</nb_item_competences>

   <item>
    <code>AD4.3.1</code>
    <description_item>
<text>S’assurer de la validité technique et thématique des résultats</text>
</description_item>
    <type_item>0</type_item>
    <poids_item>1</poids_item>
    <empreinte_item>1</empreinte_item>
    <num_item>1</num_item>
   </item>

  </competence>

 </domaine>

 <domaine>
  <code_domaine>AD5</code_domaine>
  <description_domaine>
<text>Communiquer sur l’environnement et l’aménagement avec le numérique</text>
</description_domaine>
  <type_domaine>0</type_domaine>
  <seuil_domaine>0.0</seuil_domaine>
  <minima_domaine>0</minima_domaine>
  <num_domaine>5</num_domaine>
  <nb_competences>3</nb_competences>

  <competence>
   <code_competence>AD5.1</code_competence>
   <description_competence>
<text>Se référer aux normes et standards relatifs à l’édition et à la diffusion des documents numériques</text>
</description_competence>
   <type_competence>0</type_competence>
   <seuil_competence>0.0</seuil_competence>
   <minima_competence>0</minima_competence>
   <num_competence>1</num_competence>
   <nb_item_competences>1</nb_item_competences>

   <item>
    <code>AD5.1.1</code>
    <description_item>
<text>Se référer aux normes et standards relatifs à l’édition et à la diffusion des documents numériques</text>
</description_item>
    <type_item>0</type_item>
    <poids_item>1</poids_item>
    <empreinte_item>1</empreinte_item>
    <num_item>1</num_item>
   </item>

  </competence>

  <competence>
   <code_competence>AD5.2</code_competence>
   <description_competence>
<text>Concevoir des documents graphiques et cartographiques dans le respect des règles de sémiologie</text>
</description_competence>
   <type_competence>0</type_competence>
   <seuil_competence>0.0</seuil_competence>
   <minima_competence>0</minima_competence>
   <num_competence>2</num_competence>
   <nb_item_competences>1</nb_item_competences>

   <item>
    <code>AD5.2.1</code>
    <description_item>
<text>Concevoir des documents graphiques et cartographiques dans le respect des règles de sémiologie</text>
</description_item>
    <type_item>0</type_item>
    <poids_item>1</poids_item>
    <empreinte_item>1</empreinte_item>
    <num_item>1</num_item>
   </item>

  </competence>

  <competence>
   <code_competence>AD5.3</code_competence>
   <description_competence>
<text>Piloter la conception de supports de communication adaptés aux publics visés</text>
</description_competence>
   <type_competence>0</type_competence>
   <seuil_competence>0.0</seuil_competence>
   <minima_competence>0</minima_competence>
   <num_competence>3</num_competence>
   <nb_item_competences>1</nb_item_competences>

   <item>
    <code>AD5.3.1</code>
    <description_item>
<text>Piloter la conception de supports de communication adaptés aux publics visés</text>
</description_item>
    <type_item>0</type_item>
    <poids_item>1</poids_item>
    <empreinte_item>1</empreinte_item>
    <num_item>1</num_item>
   </item>

  </competence>

 </domaine>

</referentiel>

